Feel Energized,Feel Energized Ingredients,Get Fit,Get Fit Ingredients,Manage Weight,Manage Weight Ingredients,Be Well,Be Well Ingredients,Enjoy a Treat,Enjoy a Treat Ingredients,Snacks,Snacks Ingredients
Coffee High Protein - Almond Mocha - 20,"Cold Brew Coffee, Dates, Nonfat Milk, Dairy Whey Blend, almond, Whey Protein, 100% Cocoa",The Hulk - Vanilla - 20,"banana, Turbinado, Hulk Blend, Butter Pecan Ice Cream",Metabolism Boost Strawberry Pineapple - 20,"Pineapple, strawberries - no sugar, Kiwi Apple Juice Blend, Gladiator Protein Vanilla, Protein Blend, Metabolism Boost Enhancer, Fiber Blend Enhancer",Vegan - Pineapple Spinach - 20,"Sunwarrior organic plant-based protein, pineapple, spinach - organic, banana, apple pineapple juice blend, carrots - organic, white grape lemon juice blend, almond, stevia plant-based sweetener",Angel Food - 20,"Strawberries - added sugar, banana, nonfat milk, Turbinado",milk chocolate almonds,milk chocolate almonds
Gladiator - Coffee - 20,"banana, Gladiator Protein Chocolate, Cold Brew Coffee",The Hulk - Chocolate - 20,"banana, 100% Cocoa, Hulk Blend, Turbinado, Butter Pecan Ice Cream",Metabolism Boost Mango Ginger - 20,"Mangoes, banana, Spinach - Organic, White Grape Lemon Juice Blend, Gladiator Protein Vanilla, Protein Blend, Ginger - Organic, Metabolism Boost Enhancer, Fiber Blend Enhancer",Vegan - Mango Kale - 20,"Sunwarrior organic plant-based protein, mangoes, kale - organic, banana, apple pineapple juice blend, apple juice blend, almond",Angel Food Slim - 20,"strawberries - no sugar, banana, Pear Juice Blend, Protein Blend, Stevia Plant-based Sweetener",dark chocolate cashews,dark chocolate cashews
Keto Champ - Coffee - 20,"Cold Brew Coffee, Keto Protein Blend, Almond Butter, Califia Farms Almond Milk, 100% Cocoa",The Hulk - Strawberry - 20,"banana, Strawberries - added sugar, Turbinado, Hulk Blend, Butter Pecan Ice Cream",Slim - N - Trim - Chocolate - 20,"banana, Nonfat Milk, Protein Blend, Lean1 Chocolate Protein, Gladiator Protein Chocolate, 100% Cocoa, Fiber Blend Enhancer, Stevia Plant-Based Sweetener",Vegan - Nutty Super Grain - 20,"Sunwarrior organic plant-based protein, peanut butter, banana, califia farms almond milk, apple juice blend, super grains enhancer, 100% cocoa",Pineapple Surf - 20,"Pineapple, Strawberries - added sugar, kiwi apple juice blend, dairy whey blend, turbinado",greek yogurt trail mix,greek yogurt trail mix
Pure Recharge - Mango Strawberry - 20,"strawberries - no sugar, Mangoes, Apple Pineapple Juice Blend, Pure Recharge Enhancer, Electrolyte Blend",Peanut Power Plus - Chocolate - 20,"banana, Peanut Butter, Dates, Nonfat Milk, Protein Blend, 100% Cocoa",Slim - N - Trim - Strawberry - 20,"strawberries - no sugar, Gladiator Protein Vanilla, Lean1 Vanilla Protein, Protein Blend, Stevia Plant-Based Sweetener, Fiber Blend Enhancer",Vegan - Mixed Berry - 20,"Sunwarrior organic plant-based protein, strawberries - no sugar, blueberries (wild), raspberries, banana, super grains enhancer, oatmilk by califia farms, apple blueberry juice blend, pear juice blend",Caribbean Way - 20,"Strawberries - added sugar, banana, papaya juice blend, turbinado",good health peanut butter pretzels,good health peanut butter pretzels
Pure Recharge - Pineapple - 20,"banana, Pineapple, Pure Recharge Enhancer, Apple Pineapple Juice Blend, Nutrient Blend",Peanut Power Plus - Strawberry - 20,"banana, strawberries - no sugar, Peanut Butter, Dates, Nonfat Milk, Protein Blend, Turbinado",Keto Champ - Berry - 20,"blueberries (wild), Raspberries, Keto Protein Blend, Almond Butter, 100% Cocoa, Califia Farms Almond Milk",Veggie - Apple Kiwi Kale - 20,"kale - organic, banana, apple juice blend, kiwi apple juice blend, electrolyte blend",Banana Boat - 20,"banana, vanilla frozen yogurt, dairy whey blend, turbinado",ostrim meat sticks,ostrim meat sticks
The Activator - Recovery Coffee - 20,"Cold Brew Coffee, Gladiator Protein Chocolate, Protein Blend, banana, Coconut Water, Nonfat Milk",Power Punch Plus - 20,"banana, strawberries - no sugar, Nutrient Blend, Turbinado",Lean - Chocolate - 20,"banana, almond, Lean1 Chocolate Protein",Veggie - Lemon Ginger Spinach - 20,"spinach - organic, carrots - organic, kale - organic, ginger - organic, mangoes, pineapple, white grape lemon juice blend, papaya juice blend, stevia plant-based sweetener",Banana Berry Treat - 20,"banana, strawberries - added sugar, raspberries, papaya juice blend, dairy whey blend",banana chips,banana chips
The Hulk - Coffee - 20,"banana, Cold Brew Coffee, Turbinado, Hulk Blend, Butter Pecan Ice Cream",Stretch and Flex - Tart Cherry -  20,"banana, Tart Cherries, Apple Blueberry Juice Blend, Dates, Coconut Water, Sunwarrior Organic Plant-Based Protein, Joint Health Enhancer with Collagen",Lean - Strawberry - 20,"strawberries - no sugar, Lean1 Vanilla Protein, Stevia Plant-Based Sweetener",Greek Yogurt - Pineapple Mango - 20,"greek nonfat yogurt, protein blend, fiber blend enhancer, mangoes, pineapple, pear passion fruit juice blend, apple pineapple juice blend",Strawberry Kiwi Breeze - 20,"strawberries - added sugar, kiwi apple juice blend, papaya juice blend, dairy whey blend",natures blend,natures blend
Vegan Coffee Mocha - 20,"banana, Dates, Oatmilk by Califia Farms, Cold Brew Coffee, 100% Cocoa, Sunwarrior Organic Plant-Based Protein",Stretch and Flex - Pineapple Kale - 20,"banana, Pineapple, Dates, Coconut Water, Sunwarrior Organic Plant-Based Protein, Joint Health Enhancer with Collagen, Kale - Organic",,,Greek Yogurt - Strawberry Blueberry - 20,"greek nonfat yogurt, protein blend, fiber blend enhancer, strawberries - no sugar, blueberries (wild), apple blueberry juice blend, pear juice blend",Lemon Twist Strawberry - 20,"strawberries - added sugar, white grape lemon juice blend, papaya juice blend, turbinado",lenny and larry vegan cookies,lenny and larry vegan cookies
,,Gladiator - Vanilla - 20,Gladiator Protein Vanilla,,,Immune Builder - Mixed Berry - 20,"banana, strawberries - no sugar, raspberries, blueberries (wild), apple blueberry juice blend, califia farms almond milk, pear juice blend, immune support enhancer",Island Impact - 20,"mangoes, pineapple, papaya juice blend, protein blend, apple pineapple juice blend",greek yogurt pretzels,greek yogurt pretzels
,,Gladiator - Chocolate - 20,Gladiator Protein Chocolate,,,Immunie Builder - Orange - 20,"banana, mangoes, apple pineapple juice blend, orange juice blend, immune support enhancer",X-Treme - Tart Cherry - 20,"tart cherries, banana, pear passion fruit juice blend, dairy whey blend, turbinado",,
,,Gladiator - Strawberry - 20,Gladiator Protein Strawberry,,,Daily Warrior - 20,"banana, blueberries (wild), apple blueberry juice blend, dates, peanut butter, almond, stevia plant-based sweetener, spinach - organic",X-Treme - Strawberry - 20,"strawberries - added sugar, papaya juice blend",,
,,The Activator Recovery - Blueberry Tart Cherry - 20,"Tart Cherries, Blueberries (Wild), Apple Blueberry Juice Blend, Coconut Water, Protein Blend, Gladiator Protein Vanilla",,,,,X-Treme - Orange - 20,"orange juice blend, banana, apple pineapple juice blend, electrolyte blend, turbinado",,
,,The Activator Recovery - Strawberry Banana - 20,"banana, strawberries - no sugar, Apple Juice Blend, Coconut Water, Gladiator Protein Vanilla, Protein Blend",,,,,Kindness in a Cup - 20,"strawberries - added sugar, banana, orange juice blend, turbinado",,
,,High Intensity Workout - Chocolate Cinnamon - 20,"banana, Califia Farms Almond Milk, Dates, Almond Butter, FITAID Paleo Protein Enhancer, 100% Cocoa, Cinnamon",,,,,,,,